{
    "type": "Program",
    "statements": [
        {
            "FunctionStatement": {
                "type": "FunctionStatement",
                "name": {
                    "type": "IdentifierLiteral",
                    "value": "main"
                },
                "return_tupe": "int",
                "parameters": [],
                "body": {
                    "type": "BlockStatement",
                    "statements": [
                        {
                            "type": "LetStatement",
                            "name": {
                                "type": "IdentifierLiteral",
                                "value": "a"
                            },
                            "value": {
                                "type": "IntegerLiteral",
                                "value": 4
                            },
                            "value_type": "int"
                        },
                        {
                            "type": "ReturnStatement",
                            "return_value": {
                                "type": "IdentifierLiteral",
                                "value": "a"
                            }
                        }
                    ]
                }
            }
        }
    ]
}